author;title;link
Clavière;Correspondance du ministre Clavière et du général Montesquiou, servant de réponse au libelle du général contre le ministre. (11 septembre-23 octobre.);https://catalogue.bnf.fr/ark:/12148/cb36307960r
Clavière;Lettre écrite par le ministre des contributions publiques aux administrateurs du directoire du Bas-Rhin. Paris, ce 10 février 1793... [Texte imprimé] (Signé : Clavière.);
Clavière;Coupons d'assignats. Pétition proposée aux 148 sections de Paris [Texte imprimé], par M. Clavière;https://catalogue.bnf.fr/ark:/12148/cb37241478s
Clavière;"Clavière, ex-ministre des contributions publiques, à la Convention nationale. (Éclaircissemens sur ce qui me concerne dans un écrit imprimé par ordre de la Convention nationale le 7e jour du 2d mois de l'an II... et publié sous le titre ""Des deux hémisphères"", par A.-G.-J. Ducher";
Clavière;[Lettre d'envoi à la Société des Amis de la constitution du discours de É. Clavière sur la situation politique du pays, 13 avril 1792];https://catalogue.bnf.fr/ark:/12148/cb30248614t
Clavière;Lettre de M. Clavière à M. Beaumez, sur l'organisation du Trésor public;https://catalogue.bnf.fr/ark:/12148/cb37243585t
Clavière;Lettre écrite par le ministre des Contributions publiques aux administrateurs du directoire... du Bas-Rhin. (Signé : Clavière. 10 février 1793.);
Clavière;Mémoire de M. Clavière,... sur l'état actuel des manufactures des poudres et salpêtres du royaume, le 10 avril 1792;
Clavière;Observations du ministre des contributions publiques (Clavière), sur le décret rendu le 17 avril, en faveur du C. Genneau, ci-devant commissaire du roi à la Monnaie d'Orléans, adressées à la convention nationale;
Clavière;Pétition faite à l'Assemblée nationale, par M. Clavière,... sur le remboursement des créances publiques non vérifiées, et sur le paiement des domaines nationaux en assignats et espèces effectives, le 5 novembre 1791;
Clavière;"Pour l'Assemblée nationale, sur les remboursements, etc. ; par E. Clavière. (1er décembre.)";
Clavière;Lettre à M. le comte de Vergennas du 21 février 1780. (Par E. Clavière.);
Clavière;Pièces justificatives pour Messieurs Du Roveray et Clavière. (N°1. Lettre à son Excellence Monsieur le comte de Vergennes, du 21 février 1780. Au sujet du Conseil des Deux-Cents de Genève. Signé : Étienne Clavière.);
Clavière;De la foi publique envers les créanciers de l'État. Lettres à M. Linguet sur le n ° 116 de ses annales, par M.*** (Clavière). Ouvrage dans lequel, après avoir indiqué l'état le plus modique du revenu général de la France, on prouve que la banqueroute n'est ni nécessaire, ni utile, ni politique, et que la confiance doit ranimer l'esprit public;https://catalogue.bnf.fr/ark:/12148/cb37244463g
Clavière;Opinions d'un créancier de l'État sur quelques matières de finance importantes dans le moment actuel, par M. Clavière;https://catalogue.bnf.fr/ark:/12148/cb37243779f
Clavière;Copie de la lettre écrite par le ministre des contributions publiques, à M.M. du directoire et procureur général syndic du département d... [juin 1792];
Clavière;Dissection du projet de M. l'évêque d'Autun, sur l'échange universel et direct des créances de l'État contre les biens nationaux, à laquelle on a joint de nouvelles considérations... et une lettre de l'auteur à M. Cérutti, sur le parallèle que M. Bergasse, député de la sénéchaussée de Lyon, a fait des billets de Law et des assignats-monnaie [Texte imprimé], par M. Clavière;https://catalogue.bnf.fr/ark:/12148/cb372433184
Clavière;"Examen du Mémoire de M. Amelot sur l'organisation de la caisse de l'extraordinaire [Texte imprimé] ; par M. Clavière";
Clavière;Lettre adressée au Comité des monnaies [Texte imprimé], par M. Clavière;
Clavière;Lettres écrites à M. Cérutti par M. Clavière sur les prochains arrangements de finances...;
Clavière;"Observations sommaires sur le projet d'une refonte générale des monnoies [Texte imprimé]; par M. Clavière";https://catalogue.bnf.fr/ark:/12148/cb37241024r
Clavière;Pour l'Assemblée nationale. Sur les remboursements, etc., par É. Clavière;
Clavière;Réflexions adressées à l'assemblée nationale, sur les moyens de concilier l'impôt du tabac avec la liberté du commerce et les rapports que la France doit entretenir avec les Américains libres, sur l'usage des licences ou patentes qui permettent de fabriquer ou vendre, etc., etc. [Texte imprimé], par M. Clavière;https://catalogue.bnf.fr/ark:/12148/cb37242960b
Clavière;Réponse au mémoire de M. Necker concernant les assignats, et à d'autres objections contre une création qui les porte à deux milliards [Texte imprimé], par M. Clavière;https://catalogue.bnf.fr/ark:/12148/cb37241474d
Clavière;Réponse de M. Clavière à M***, député à l'Assemblée nationale. (22 octobre 1790.);
Clavière;Adresse de la Société des amis des noirs à l'Assemblée nationale,... dans laquelle on approfondit les relations politiques et commerciales entre la métropole et les colonies, etc., rédigée par É. Clavière;
Clavière;E. Claviere a l'Assemblée nationale, sur les finances [Texte imprimé]. Paris, 15 décembre 1791;
Clavière;Plainte de la société des amis des noirs contre M. Dillon, à l'assemblée nationale;
Clavière;Réflexions sur les formes et les principes auxquels une nation libre doit assujétir l'administration des finances, avec des observations sur le dernier rapport fait... par M. Roederer... et suivies d'une lettre à M. Baumez, sur l'organisation du Trésor public... par M. Clavière;https://catalogue.bnf.fr/ark:/12148/cb37243131s
Clavière;De la conjuration contre les finances, et des mesures à prendre pour en arrêter les effets [Texte imprimé], par E. Clavière;
Clavière;Discours de M. Clavière,... à la Société des amis de la Constitution, séante aux Jacobins Saint-Honoré, le 4 avril 1792;https://catalogue.bnf.fr/ark:/12148/cb302486035
Clavière;Discours de M. Clavière, ministre des Contributions publiques, de M. de Grave, ministre de la Guerre, et de M. Rolland, ministre de l'Intérieur, prononcés à l'Assemblée nationale dans la séance du 26 mars 1792;
Clavière;Du Numéraire métallique, ou de la Nécessité d'une prompte refonte de monnoyes en abolissant l'usage d'en fixer la valeur en livres tournois, par É. Clavière;
Clavière;Mémoire du ministre des Contributions publiques (É. Clavière) sur les messageries... (27 novembre 1792.);
Clavière;Mémoire envoyé par le ministre des Contributions publiques (É. Clavière) à l'Assemblée nationale, le 9 mai 1792;
Clavière;Mémoire lu par le citoyen Clavière,... à la Convention nationale, le 5 octobre 1792;
Clavière;Proclamation au nom de la République françoise (du Conseil exécutif provisoire, 3 décembre 1792). - Copie de la lettre écrite par M. Clavière, ministre des Contributions publiques, à M. le président de la Convention nationale. (4 décembre 1792.);
Clavière;Réponse de M. Claviere, a la lettre de M. Montesquiou, sur un écrit intitulé : De la conjuration contre les finances de l'État, & des mesures à prendre pour en arrêter les effets;
Clavière;Clavière, ex-ministre des contributions publiques, à la convention nationale;
Clavière;Département des contributions publiques. Compte rendu par le ministre (É. Clavière), au 1er février 1793;
Clavière;Département des contributions publiques. Compte rendu par le ministre (É. Clavière), au 1er février 1793. ( - Suite du compte rendu à la Convention nationale par le ministre, le 31 janvier 1793...);
Clavière;Exposé sommaire de la conduite de Clavière, ex-ministre des Contributions, fait par lui-même, adressé à ses juges, à ses concitoyens et à ses ennemis;https://catalogue.bnf.fr/ark:/12148/cb372436822
Clavière;Mémoire sur la liquidation de la Ferme générale et de la Régie générale, adressé par le ministre des Contributions publiques (É. Clavière) à la Convention nationale, le 31 décembre 1792;
Clavière;Premier Mémoire sur les salines, adressé par le ministre des Contributions publiques (É. Clavière) à la Convention nationale, le 29 décembre 1792;
Clavière;Suite du compte rendu à la Convention nationale par le ministre, le 31 janvier 1793;
Clavière;Corps législatif. Conseil des Cinq-Cents. Opinion de Clavière sur le projet de la commission du service de l'an VIII relatif au recouvrement des contributions. Séance du 23 vendémiaire an VIII;
Clavière;Compte rendu par le ministre, au premier février 1793;https://catalogue.bnf.fr/ark:/12148/cb372436675
Clavière;Administration nationale des économies du peuple, établie en faveur des journaliers, artisans & autres citoyens laborieux, dans chacun des départemens de la République, sous la surveillance des représentans de la nation;https://catalogue.bnf.fr/ark:/12148/cb37243335q
Brissot & Clavière;De la France et des États-Unis;
Condorcet;Adresse aux Bataves [Texte imprimé], par Condorcet;
Condorcet;Adresse de l'Assemblée nationale aux Français... envoyée aux 83 départemens et à l'armée, du 19 août 1792... (rédigée par Condorcet.);
Condorcet;Apperçu des frais que coûtera le nouveau plan d'instruction publique, présenté au Comité d'instruction publique, par M. Condorcet,... le 24 mai 1792;
Condorcet;Avis aux Espagnols [Texte imprimé], par Condorcet;https://catalogue.bnf.fr/ark:/12148/cb30263653x
Condorcet;Avis d'un père proscrit à sa fille (par Condorcet);
Condorcet;Convention nationale. Discours du citoyen Condorcet, prononcé à la tribune de la Convention, le 13 mai 1793;
Condorcet;Discours de M. Condorcet,... sur la nomination et le destitution des commissaires de la Trésorerie nationale et des membres du Bureau de comptabilité, prononcé à la séance du 3 février 1792;
Condorcet;Discours sur les finances prononcé à l'Assemblée nationale par M. Condorcet, le 12 mars 1792;
Condorcet;Dissertation philosophique et politique, ou Réflexions sur cette question : s'il est utile aux hommes d'être trompés, par M. de Condorcet;
Condorcet;Éloges de Pierre Camper (par Vicq-d'Azir et Condorcet);
Condorcet;Examen de cette question : Est-il utile de diviser une assemblée nationale en plusieurs chambres ? [Texte imprimé] Par M. le Mis de Condorcet;
Condorcet;Exposition des motifs d'après lesquels l'Assemblée nationale a proclamé la convocation d'une Convention nationale et prononcé la suspension du pouvoir exécutif dans les mains du roi. (Rédigé par Condorcet. 13 août 1792.);
Condorcet;Extrait des registres de l'Académie royale des sciences du 13 janvier 1787 (Signé : le marquis de Condorcet);
Condorcet;Extrait des registres de l'Académie royale des sciences du 24 mai 1786 et Avis des commissaires nommés par l'Académie pour examiner le projet du canal de Paris, relativement à un changement dans le projet, sur lequel ils ont été consultés par M. le maire. [Signé : de Borda, Lavoisier, de Condorcet, Bossut, 26 mai 1790.];
Condorcet;Instruction sur l'exercice du droit de souveraineté, proposée par M. Condorcet,... (9 août 1792.);
Condorcet;Lettre de Condorcet, au secrétaire de l'Académie de Châlons, au sujet de cette question : Quels sont les moyens d'extirper la mendicité ? Paris, 1781;
Condorcet;Lettre de Condorcet à la Convention nationale;
Condorcet;Opinion de Condorcet, dans la séance du samedi 19 janvier. Imprimée par ordre de la Convention nationale;
Condorcet;Précis des objets les plus importans que doivent renfermer les cahiers des bailliages;
Condorcet;Projet d'une exposition des motifs qui ont déterminé l'Assemblée nationale à décréter sur la proposition formelle du roi, qu'il y a lieu de déclarer la guerre au roi de Bohême et de Hongrie, proposé par M. Condorcet,... (20 avril 1792.);https://catalogue.bnf.fr/ark:/12148/cb30263791r
Condorcet;La république française aux hommes libres [Texte imprimé], par Condorcet;https://catalogue.bnf.fr/ark:/12148/cb30263751h
Condorcet;Sur la Constitution du pouvoir chargé d'administrer le trésor national [Texte imprimé], par M. Condorcet;
Condorcet;"Sur le Choix des ministres [Texte imprimé] ; par M. de Condorcet";
Condorcet;Histoire de l'Académie royale des sciences avec les mémoires de mathématique et de physique tirés des registres de cette Académie;
Condorcet;Du Problème des trois corps, par M. le marquis de Condorcet, 1767;
Condorcet;Éloges des académiciens de l'Académie royale des sciences morts depuis 1666 jusqu'en 1699;https://catalogue.bnf.fr/ark:/12148/cb30263686w
Condorcet;"Lettre (-Seconde Lettre) d'un théologien à l'auteur du ""Dictionnaire des trois siècles"" (par Condorcet)";
Condorcet;Lettres sur le commerce des grains [Texte imprimé], par M***;https://catalogue.bnf.fr/ark:/12148/cb302637191
Condorcet;Bénissons le ministre bienfaisant qui nous délivre du double fléau des corvées, & des exacteurs de corvées;https://catalogue.bnf.fr/ark:/12148/cb30263754j
Condorcet;Lettre d'un laboureur de Picardie, à M. N***, auteur prohibitif, à Paris;https://catalogue.bnf.fr/ark:/12148/cb30263706p
Desmoulins;Discours de la Lanterne aux Parisiens;https://catalogue.bnf.fr/ark:/12148/cb454158710
Desmoulins;La vieux Cordelier;https://catalogue.bnf.fr/ark:/12148/cb303333393
Desmoulins;Révolutions de France et de Brabant;
Desmoulins;Bibliothèque nationale. Collection des meilleurs auteurs anciens et modernes. Oeuvres de Camille Desmoulins;https://catalogue.bnf.fr/ark:/12148/cb340196499
Desmoulins;Oeuvres de Camille Desmoulins. [Notice sur Camille Desmoulins, par Marc Dufraisse.], 1867-1869;
Desmoulins;Oeuvres de Camille Desmoulins... Précédées d'une étude de M. Eug. Despois, 1865;
Desmoulins;La France libre, par M. Desmoulins, avocat au parlement de Paris, électeur du bailliage de Vermandoislibre;
Desmoulins;Correspondance inédite de Camille Desmoulins, député à la Convention nationale;https://catalogue.bnf.fr/ark:/12148/cb30333296n
Desmoulins;Société des amis de la liberté et de l'égalite, séante aux ci-devant Jacobins, rue St.-Honoré. Aux citoyens des départemens, sur l'insurrection du 31 mai.;https://catalogue.bnf.fr/ark:/12148/cb36441282p
Desmoulins;Convention nationale. Discours de Camille Desmoulins, député du département de Paris, dans le procès de Louis XVI, sur la question de l'appel au peuple;
Desmoulins;Histoire des Brissotins, ou Fragment de l'histoire secrète de la révolution, et des six premiers mois de la République [Texte imprimé]. Par Camille Desmoulins, député de Paris à la Convention;https://catalogue.bnf.fr/ark:/12148/cb303333153
Desmoulins;Lettre de Camille Desmoulins, député de Paris à la Convention, au général Dillon, en prison aux Madelonettes;
Desmoulins;"Rapport et projet de décret, sur les citoyens Harville & Bouchet, généraux de division ; Barneville, commissaire des guerres, en état d'accusation ; Mont-Choisy, colonel ; Foissac, adjudant-général ; Osselin, commissaire des guerres ; & Quivy, employé dans les vivres, en état d'arrestation ; au sujet de l'évacuation de Namur [Texte imprimé]; présentés au nom du comité de la Guerre, par Camille Desmoulins";
Desmoulins;Discours de Camille Desmoulins, député de Paris a la Convention. Sur le décret du bannissement de la famille ci-devant d'Orléans, & sur la question, si l'Assemblée nationale pouvoit exclure, de son sein, Philippe Égalité, représentant du peuple;
Desmoulins;"Discours de Camille Desmoulins, notable, au Conseil général de la Commune, dans la séance du 24 juillet, l'an 4 de la liberté ; sur la situation de la capitale";https://catalogue.bnf.fr/ark:/12148/cb30333299p
Desmoulins;Discours de Camille Desmoulins sur le décret du 27 octobre 1792, qui exclut les membres de la Convention, de toutes les fonctions publiques;
Desmoulins;Jean-Pierre Brissot démasqué;
Desmoulins;Opinion de Camille Desmoulins, député de Paris à la Convention, sur le jugement de Louis XVI;
Desmoulins;Révolutions de France et de Brabant. Seconde partie, L'An premier de la République de France;
Desmoulins;La Tribune des patriotes, ou Journal de la majorité [Texte imprimé] : ouvrage destiné à servir de suite au n° 86 et dernier des Révolutions de France et de Brabant / par Camille Desmoulins et Fréron, l'Orateur du peuple;
Desmoulins;Violation de la loi [Texte imprimé] : [réclamation en faveur du sieur Dithurbide];
Desmoulins;Ce sont les despotes mal-adroits qui se servent des baïonnettes, l'art de la tyrannie est de faire la même chose avec des juges;
Desmoulins;Discours de Camille Desmoulins, sur le parti que l'Assemblée nationale doit prendre relativement à la proposition de guerre, annoncée par le pouvoir exécutif;https://catalogue.bnf.fr/ark:/12148/cb303333095
Desmoulins;"Discours sur la situation politique de la nation, à l'ouverture de la seconde session de l'Assemblée nationale [Texte imprimé]; prononcé à la Société des amis de la Constitution, dans la séance du 21 octobre";
Desmoulins;Observations sur l'échange du Comté de Sancerre;
Desmoulins;Les aristocrates aux abois, ou Correspondance d'un patriote de France avec un patriote Brabançon;https://catalogue.bnf.fr/ark:/12148/cb39359260r
Desmoulins;Camille Desmoulins à ses souscripteurs. Avis;
Desmoulins;"Les insignes meuniers de Corbeil, ou La compagnie des famines découverte ; en présence de M. Necker, accusé [Texte imprimé]. Par M. Desmoulins, avocat, auteur de la France libre, & du Discours de la lanterne aux Parisiens";
Desmoulins;Camille Desmoulins, Opuscules de l'an Ier de la Liberté;
Desmoulins;Réclamation en faveur du Mis. de Saint-Huruge;
Desmoulins;Réclamations contre de nouveaux abus [Texte imprimé]. Iere réclamation, en faveur du marquis de Saint-Huruge;
Desmoulins;"Réplique aux deux mémoires des sieurs Leleu, insignes meuniers de Corbeil ; en présence de M. Necker";
Desmoulins;Révolutions de France et de Brabant, et des royaumes qui, demandant une Assemblée nationale, et arborant la cocarde, mériteront une place dans ces fastes de la liberté;
Desmoulins;Satyres ou choix des meilleures pièces de vers qui ont précédé et suivi la Révolution;
Desmoulins;Entretien de Me Linguet et de Me Bergasse;
Desmoulins;(Profession de foi de M. Desmoulins, commençant par ces mots :) Électeurs du département de la Seine, mes chers concitoyens, vous êtes appelés à nommer;
Du Crest [Ducrest];Mémoire sur l'impôt, considéré dans ses rapports avec la constitution [Microforme] / par Charles-Louis Ducrest;https://catalogue.bnf.fr/ark:/12148/cb372423104
Du Crest [Ducrest];Mémoire sur la meilleure manière de faire les élections dans une grande assemblée, et de ramener les opinions à une seule;https://catalogue.bnf.fr/ark:/12148/cb372623665
Du Crest [Ducrest];Traité de la monarchie absolue et des véritables moyens pour opérer la libération de la France, garantir l'intégrité de son territoire et assurer le bonheur du peuple, par M. le Mis Ducrest;https://catalogue.bnf.fr/ark:/12148/cb30366551v
Du Crest [Ducrest];Nouveau système de navigation, ayant pour objet la liberté des mers pour toutes les nations, et la restauration immédiate de notre commerce maritime [Texte imprimé]... par M. Ducrest;https://catalogue.bnf.fr/ark:/12148/cb303665499
Du Crest [Ducrest];Souscription proposée par M. Ducrest,... [pour la construction de vaisseaux d'un modèle nouveau.];
Du Crest [Ducrest];"Vues nouvelles sur les courans d'eau, la navigation intérieure et la marine [Texte imprimé]; par C.-L. Ducrest";https://catalogue.bnf.fr/ark:/12148/cb30366554w
Du Crest [Ducrest];"Mémoire pour M. C. L. Ducrest et M. de Boisbaudron, contre M. d'Orléans [Texte imprimé] / [Signé : C. L. Ducrest ; Bon de Boisbaudron.]";
Du Crest [Ducrest];Vrais principes d'une bonne constitution;
Du Crest [Ducrest];Essais sur les principes d'une bonne constitution, suivis du développement d'un moyen pour opiner sans trouble et sans fermentation dans l'assemblée des États-Généraux;
Du Crest [Ducrest];Copie de la lettre de M. le marquis Ducrest à M.gr le duc d'Orléans;
Du Crest [Ducrest];Mémoire sur l'administration des finances, par M. le Mis Ducrest;
Du Crest [Ducrest];Mémoire présenté au Roi par Mgr le duc d'Orléans et signé par M. le Mis Du Crest, son chancelier, le 20 août 1787;
Du Crest [Ducrest];Second Mémoire [-Suite du second Mémoire] sur l'administration des finances, par M. le Mis Du Crest;
Du Crest [Ducrest];Essais sur les machines hydrauliques, contenant des recherches sur la manière de les calculer et de perfectionner en général leur construction... par M. le Mis Ducrest;
Du Crest [Ducrest];Usages de la ducrestienne, nouvelle machine hydraulique pour élever l'eau, inventée par M. Ducrest;
Olympe de Gouges;Adresse au Don Quichotte du nord;https://catalogue.bnf.fr/ark:/12148/cb37244398v
Olympe de Gouges;"Adresse aux représentans de la nation [Microforme] ; Mémoire pour madame de Gouges, contre la Comédie-françoise";https://catalogue.bnf.fr/ark:/12148/cb372444535
Olympe de Gouges;Arrêt de mort que présente Olympe de Gouges contre Louis Capet;https://catalogue.bnf.fr/ark:/12148/cb37241751k
Olympe de Gouges;Les comédiens démasqués ou Madame de Gouges ruinée par la Comédie françoise pour se faire jouer;https://catalogue.bnf.fr/ark:/12148/cb372444059
Olympe de Gouges;Correspondance de la Cour [Microforme] : compte moral rendu et dernier mot à mes chers amis par Olympe Degouges [sic] à la Convention nationale et au peuple, sur une dénonciation faite contre son civisme, aux Jacobins, par le sieur Bourdon;https://catalogue.bnf.fr/ark:/12148/cb372445047
Olympe de Gouges;Écrits politiques, 1993;
Olympe de Gouges;L'entrée de Dumourier à Bruxelles, ou Les vivandiers [Microforme] : pièce en cinq actes et en prose;https://catalogue.bnf.fr/ark:/12148/cb372412876
Olympe de Gouges;Lettre aux littérateurs françois [Microforme] / par madame de Gouges;https://catalogue.bnf.fr/ark:/12148/cb37244494r
Olympe de Gouges;Oeuvres complètes, 1993;
Olympe de Gouges;Projet sur la formation d'un tribunal populaire et suprême en matière criminelle, présenté par madame de Gouges, le 26 mai 1790, à l'Assemblée nationale;https://catalogue.bnf.fr/ark:/12148/cb37244491q
Olympe de Gouges;Remarques patriotiques [Microforme] / par la citoyenne, auteur de la Lettre au peuple;https://catalogue.bnf.fr/ark:/12148/cb372440861
Olympe de Gouges;Repentir de Madame de Gouges;https://catalogue.bnf.fr/ark:/12148/cb372440819
Olympe de Gouges;Sera-t-il roi, ne le sera-t-il pas ?;https://catalogue.bnf.fr/ark:/12148/cb372440950
Olympe de Gouges;Testament politique d'Olympe de Gouges;https://catalogue.bnf.fr/ark:/12148/cb37244076q
Olympe de Gouges;Zamore et Mirza, ou L'heureux naufrage [Microforme] : drame indien, en trois actes, et en prose / par Madame de Gouges;https://catalogue.bnf.fr/ark:/12148/cb372408806
Olympe de Gouges;Action héroïque d'une Françoise, ou La France sauvée par les femmes;https://catalogue.bnf.fr/ark:/12148/cb37235688d
Olympe de Gouges;"Adresse au roi [Microforme] ; Adresse à la reine ; Adresse au prince de Condé ; Observation à M. Duveyrier, sur sa fameuse ambassade / par Madame de Gouges";https://catalogue.bnf.fr/ark:/12148/cb372361617
Olympe de Gouges;Avis pressant, à la Convention [Microforme] / par une vraie Républicaine;https://catalogue.bnf.fr/ark:/12148/cb372361439
Olympe de Gouges;Avis pressant, ou Réponse à mes calomniateurs;https://catalogue.bnf.fr/ark:/12148/cb37235878n
Olympe de Gouges;Le bon sens François, ou L'apologie des vrais nobles, dédiée aux Jacobins;https://catalogue.bnf.fr/ark:/12148/cb37236137c
Olympe de Gouges;Le bonheur primitif de l'homme, ou Les rêveries patriotiques;https://catalogue.bnf.fr/ark:/12148/cb37236142z
Olympe de Gouges;Le cri du sage [Microforme] / par une femme;https://catalogue.bnf.fr/ark:/12148/cb37234648x
Olympe de Gouges;Départ de M. Necker et de Madame de Gouges, ou Les adieux de Madame de Gouges aux François et à M. Necker;https://catalogue.bnf.fr/ark:/12148/cb37236146b
Olympe de Gouges;Dialogue allégorique entre la France et la vérité, dédié aux états généraux;https://catalogue.bnf.fr/ark:/12148/cb372347842
Olympe de Gouges;Discours de l'aveugle aux François;https://catalogue.bnf.fr/ark:/12148/cb37234653h
Olympe de Gouges;Les droits de la femme;https://catalogue.bnf.fr/ark:/12148/cb37235521v
Olympe de Gouges;L'esprit françois, ou Problème à résoudre sur le labyrinthe des divers complots;https://catalogue.bnf.fr/ark:/12148/cb37235937b
Olympe de Gouges;Les fantômes de l'opinion publique;https://catalogue.bnf.fr/ark:/12148/cb37236063n
Olympe de Gouges;Lettre a monseigneur le duc d'Orléans, premier prince du sang;https://catalogue.bnf.fr/ark:/12148/cb37236150k
Olympe de Gouges;Lettre au peuple, ou Projet d'une caisse patriotique;https://catalogue.bnf.fr/ark:/12148/cb37236153m
Olympe de Gouges;Lettre aux représentants de la Nation;https://catalogue.bnf.fr/ark:/12148/cb372346556
Olympe de Gouges;Lettres à la reine, aux généraux de l'armée, aux amis de la Constitution, et aux Françaises citoyennes [Microforme] : description de la fête du 3 juin / par madame Degouges;https://catalogue.bnf.fr/ark:/12148/cb372361330
Olympe de Gouges;Mes voeux sont remplis, ou Le don patriotique [Microforme] : dédié aux Etats-Généraux / par Madame de Gouge;https://catalogue.bnf.fr/ark:/12148/cb372359240
Olympe de Gouges;Mirabeau aux Champs-Elisées [Microforme] : comédie en un acte et en prose / par Madame de Gouges;https://catalogue.bnf.fr/ark:/12148/cb37235541g
Olympe de Gouges;Molière chez Ninon, ou Le siècle des grands hommes [Microforme] : pièce épisodique, en prose et en cinq actes / par Madame de Gouges;https://catalogue.bnf.fr/ark:/12148/cb37235538k
Olympe de Gouges;L'ordre national ou Le comte d'Artois, inspiré par Mentor [Microforme] : dédié aux Etats-Généraux;https://catalogue.bnf.fr/ark:/12148/cb37235827r
Olympe de Gouges;Pour sauver la patrie, il faut respecter les trois ordres [Microforme] : c'est le seul moyen de conciliation qui nous reste;https://catalogue.bnf.fr/ark:/12148/cb37236012r
Olympe de Gouges;Réponse à la justification de Maximilien Robespierre, adressée à Jérôme Pétion [Microforme] / par Olympe Degouges;https://catalogue.bnf.fr/ark:/12148/cb37236069q
Olympe de Gouges;Réponse au champion américain, ou Colon très aisé à connoître;https://catalogue.bnf.fr/ark:/12148/cb37235749s
Olympe de Gouges;Séance royale [Microforme] : motion de monseigneur le duc d'Orléans, ou Les songes patriotiques dédiées à monseigneur le duc d'Orléans / par Madame de Gouges;https://catalogue.bnf.fr/ark:/12148/cb372361570
Olympe de Gouges;Le tombeau de Mirabeau;https://catalogue.bnf.fr/ark:/12148/cb37235683p
Olympe de Gouges;"Le couvent ou Les voeux forcés [Microforme] : drame en trois actes / par Mme de Gouges, auteur de ""l'esclavage des noirs""";https://catalogue.bnf.fr/ark:/12148/cb372385327
Olympe de Gouges;"L' esclavage des noirs ou L'heureux naufrage [Microforme] : drame en trois actes, en prose / par Mme De Gouges, auteur des ""voeux forcés""";https://catalogue.bnf.fr/ark:/12148/cb37238539n
Olympe de Gouges;Remarques patriotiques, par la citoyenne, auteur de la Lettre au peuple [Microforme] / [Olympe de Gouges];https://catalogue.bnf.fr/ark:/12148/cb372609143
Olympe de Gouges;Le couvent ou Les voeux forcés [Microforme] : drame en 3 actes... / [ par Mme de Gouges];https://catalogue.bnf.fr/ark:/12148/cb345680437
Olympe de Gouges;L'entrée de Dumourier à Bruxelles, ou Les vivandiers [Texte imprimé], pièce en cinq actes et en prose, par Olympe de Gouges, représentée sur le Théâtre de la République, rue de Richelieu, le janvier 1793, l'an deuxième de la République;https://catalogue.bnf.fr/ark:/12148/cb30526939m
Olympe de Gouges;Grande éclipse du soleil jacobiniste et de la lune feuillantine;
Olympe de Gouges;Réponse à la justification de Maximilien Robespierre, adressée à Jérôme Pétion;
Olympe de Gouges;Pacte national [Texte imprimé], par Mme Degouges, adressé a l'Assemblée nationale;
Olympe de Gouges;"Le Prince philosophe [Texte imprimé], conte oriental, par l'auteur de la pièce intitulée ""L'Esclavage des nègres""";
Olympe de Gouges;Le Philosophe corrigé, ou le Cocu supposé, comédie en 5 actes et en prose [Texte imprimé] / par Mme de Gouges;
Olympe de Gouges;Dialogue allégorique entre la France et la Vérité, dédié aux États-Généraux;
Olympe de Gouges;Le Mariage inattendu de Chérubin, comédie en 3 actes et en prose;https://catalogue.bnf.fr/ark:/12148/cb30526951g
Olympe de Gouges;Oeuvres de madame de Gouges... [Texte imprimé]. Tome premier;https://catalogue.bnf.fr/ark:/12148/cb305269206
Olympe de Gouges;"Bienfaisance, ou la Bonne mère, conte mêlé d'anecdotes [Texte imprimé] ; La Bienfaisance récompensée, ou la Vertu couronnée, comédie en 1 acte et en prose mêlée d'ariettes / [Olympe de Gouges]";
Olympe de Gouges;Post face;
Laclos;De l'éducation des femmes;https://catalogue.bnf.fr/ark:/12148/cb30238957q
Laclos;Eloge du maréchal de Vauban;
Laclos;"La galerie des dames françoises, pour servir de suite à ""La galerie des états généraux"" [Microforme] / par le même auteur [par J.-P.-L. de Luchet, A. de Rivarol, G.-H. de Mirabeau et P.-A.-F. Choderlos de Laclos]";https://catalogue.bnf.fr/ark:/12148/cb372333852
Laclos;"Les grands hommes du jour [Microforme] / [attribué à Choderlos de Laclos] ; [A. de Rivarol et G. H. de Mirabeau]";https://catalogue.bnf.fr/ark:/12148/cb37277047g
Laclos;Réponse de M. Delaclos à M. le duc d'Orléans pour servir de suite à la conspiration mieux dévoilée, ou à la lettre de M. le duc d'Orléans à M. Delaclos [Libel against Laclos or text by him?];
Laclos;Les laisons dangereuses;https://catalogue.bnf.fr/ark:/12148/cb319431644
Laclos;Poésies de Choderlos de Laclos, publiées par Arthur Symons et Louis Thomas;
Laclos;Lettres inédites de Choderlos de Laclos [Texte imprimé], publiées par M. Louis de Chauvigny;
Laclos;De la Monarchie et du républicanisme (par P.-A.-F. Choderlos de Laclos);https://catalogue.bnf.fr/ark:/12148/cb302389989
Laclos;Instructions données par M. Laclos, à l'ordre, le 25 avril 1791;
Laclos;Journal des amis de la Constitution [Texte imprimé] / par M. P. Choderlos, ci-devant de Laclos;
Laclos;Lettre de M. Laclos, écrite de Paris à M. Forsh à Londres.;
Laclos;Lettre de M. Laclos à M. d'Orléans. (27 novembre 1791.);
Laclos;Lettre de M. P. Choderlos, (ci-devant de Laclos,) a M. Riquetti, l'aîné, (ci-devant comte de Mirabeau,) sur son opinion du 7 septembre, relativement aux electeurs;
Laclos;Réponse de M. Delaclos a M. le duc d'Orléans, pour servir de suite à la conspiration mieux dévoilée, ou à la lettre de M. le duc d'Orlans à M. Deléaclos [libelle contre Laclos?];
Laclos;Les Vertus de Louis XVI, dédiées à S. A. S. le duc d'Orléans, réfugié en Angleterre, par M. le Mis de Laclos;
Laclos;La Galerie des États-Généraux [a collective work];
Laclos;Instructions envoyées par S. A. S. monseigneur le duc d'Orléans [partly written by Sieyès];https://catalogue.bnf.fr/ark:/12148/cb337645744
Laclos;Questions sur l'état des comédiens français;
Laclos;"Mémoires de madame la duchesse de Morsheim [Texte imprimé], par l'auteur des ""Liaisons dangereuses""";
Laclos;Lettre à MM. de l'Académie françoise, sur l'éloge de M. le maréchal de Vauban, proposé pour sujet du prix d'éloquence de l'année 1787 (par P.-A.-F. Choderlos de Laclos);https://catalogue.bnf.fr/ark:/12148/cb302389629
Laclos;Lettre de M. Laclos à M. le duc d'Orléans, du café du Rendez-vous, place du Carousel, ce lundi 18 avril, deux heures après-midi [probably a libel against Laclos and d'Orléans];
Manuel;Circulaire aux citoyens composant le juré d'accusation pour le trimestre de septembre, octobre et novembre 1792;
Manuel;Coup-d'oeil philosophique sur le règne de Saint Louis;
Manuel;Déclaration de P. Manuel à ses concitoyens, 9 mars l'an II de la République française;
Manuel;Discours de M. Manuel à l'Assemblée générale des districts réunis du Val-de-Grâce et de Saint-Jacques tenue le 30 août 1789;
Manuel;Discours sur la guerre, prononcé aux Amis de la constitution, par Pierre Manuel;
Manuel;Lettre... à M. Le Preux... en réponse à sa lettre du 14...;
Manuel;Lettre de la nation à la Reine, du 4 août;https://catalogue.bnf.fr/ark:/12148/cb372334631
Manuel;"Véritable Testament de Pierre Manuel,... écrit la veille de sa mort, dans la prison de la Conciergerie ; suivi de plusieurs morales touchantes qu'il fit au tribunal révolutionnaire pour gagner le peuple à son avantage";
Manuel;Essais historiques, critiques, littéraires et philosophiques [Texte imprimé], par M. Ma... (Manuel);
Manuel;Lettre d'un garde du Roi, pour servir de suite aux Mémoires sur Cagliostro;
Manuel;Suplément a la nouvelle édition du Petit almanach des grands hommes ou Lettre a messieurs de Rivarol et de Champcenets [Texte imprimé], par un des grands hommes du Petit almanach;https://catalogue.bnf.fr/ark:/12148/cb35945355r
Manuel;L'année françoise, ou Vies des hommes qui ont honoré la France, ou par leurs talens, ou par leurs services, et sur-tout par leurs vertus, pour tous les jours de l'année;
Manuel;Aux citoyens patriotes;
Manuel;La Bastille dévoilée, ou Recueil de pieces authentiques pour servir a son histoire [edition of sources from the Bastille archive];
Manuel;Lettre a monseigneur comte d'Artois, sur la séance royale;
Manuel;Sur la séance nationale du vingt-cinq juin, et lettre a monsieur le comte d'Artois, sur la séance royale du 23;https://catalogue.bnf.fr/ark:/12148/cb37235572r
Manuel;Circulaire aux citoyens composant le juré d'accusation pour le trimestre de septembre, octobre et novembre 1792;
Manuel;Discours prononcé par P. Manuel, procureur de la Commune de Paris, à la barre de l'Assemblée nationale, le 16 juillet 1792;
Manuel;Lettre circulaire du procureur de la commune aux comités des 48 sections, en leur adressant l'arrêté de la municipalité concernant les processions [Texte imprimé]. (Signé : P. Manuel);https://catalogue.bnf.fr/ark:/12148/cb30874428n
Manuel;Lettre du procureur de la Commune [P. Manuel] au curé de Saint-Séverin [J.-C. Le Blanc de Beaulieu], et Réponses du curé de Saint-Séverin au procureur de la Commune;https://catalogue.bnf.fr/ark:/12148/cb372352153
Manuel;Les lettres de P. Manuel, l'un des administrateurs de 1789 sur la Révolution [Texte imprimé] / recueillies par un ami de la constitution [juin 1789-novembre 1790];
Manuel;Monument curieux de l'insolence démagogique, ou Lettre de Pierre Manuel au roi des Français. Pot pourri de Manuel;
Manuel;"Opinion de P. Manuel sur la première question : pour le jugement de Louis XVI [Texte imprimé]; imprimée par ordre de la Convention nationale";
Manuel;Projet d'arrêté présenté au conseil général, par le citoyen Manuel, sur la loi (du 20 septembre 1792) qui détermine le mode de constater l'état civil des Français, et sur celle qui détermine les causes, le mode et les effets du divorce;
Manuel;La police de Paris dévoilée [Texte imprimé], par Pierre Manuel, l'un des administrateurs de 1789. Avec gravure et tableaux;https://catalogue.bnf.fr/ark:/12148/cb340651041
Marat;L'Ami du peuple, ou le Publiciste parisien, journal politique, libre et impartial, par une société de patriotes, 9 mars [-22 mai] 1790, n° 106 [-162], et rédigé par M. Ma;
Marat;Aventures de Potowski, par le conventionnel Marat;
Marat;Complot d'une banqueroute générale de la France, de l'Espagne et, par contre-coup, de la Hollande et de l'Angleterre, ou les horreurs de l'ancien et du nouveau régime mises au jour par le citoyen Héron [Texte imprimé]. Ouvrage rédigé par Marat, l'ami du peuple, député à la convention nationale;
Marat;Lettre de Marat,... à la Convention nationale, lue à la séance du 13 avril 1793, l'an 2e de la République;
Marat;Du lundi 14 mars 1791, par M. Marat,... - Du mardi 15 mars 1791, par M. Marat,... - Du jeudi 17 mars 1791, par M. Marat;
Marat;Épître de Marat l'aîné à Marat le cadet. Paris, le 12 septembre 1790;
Marat;Le Général Mossié vendu par ses mouchards, ou la Glorieuse expédition des vainqueurs de la Bastille;
Marat;Grande dénonciation contre Vadier le royaliste... Parallèle du discours énergique du sieur Vadier et de sa conduite pusillanime;
Marat;"Infernal Projet des ennemis de la révolution [Texte imprimé] ; par M. Marat";
Marat;Lettre de l'Ami du peuple aux fédérés des 83 départements [Texte imprimé]. (Signé : Marat.);
Marat;Lettre de M. Marat,... à M. le président de l'Assemblée nationale;
Marat;Lettre de M. Marat,... contenant quelques réflexions sur l'ordre judiciaire;
Marat;Mémoire pour être déchargé d'impôts;
Marat;oeuvres politiques de Marat;
Marat;"Relation authentique de ce qui s'est passé à Nancy, adressée aux députés du régiment du Roi à l'Assemblée nationale, par leurs camarades ; et observations de l'Ami du peuple. (Signé : Marat. [Verdun, 12 septembre.])";https://catalogue.bnf.fr/ark:/12148/cb372372685
Marat;Relation fidèle des malheureuses affaires de Nanci. [Signé : Marat, l'Ami du peuple.];
Marat;[Lettre signée : Marat, dans laquelle il se justifie de l'accusation d'avoir demandé un chef pour le peuple (20 juin 1793);
Marat;De l'homme, ou Des principes et des loix de l'influence de l'âme sur le corps et du corps sur l'âme;https://catalogue.bnf.fr/ark:/12148/cb30875620p
Marat;Découvertes de M. Marat,... sur le feu, l'électricité et la lumière [Texte imprimé], constatées par une suite d'expériences nouvelles...;https://catalogue.bnf.fr/ark:/12148/cb30875617s
Marat;Découvertes [de M. Marat] sur la lumière, constatées par une suite d'expériences nouvelles..;https://catalogue.bnf.fr/ark:/12148/cb30875616f
Marat;Recherches physiques sur le feu, par M. Marat,;
Marat;Recherches physiques sur l'électricité [Texte imprimé], par M. Marat;
Marat;Mémoire sur l'électricité médicale [Texte imprimé], couronné le 6 août 1783, par l'Académie royale des sciences, belles-lettres & arts de Rouen;https://catalogue.bnf.fr/ark:/12148/cb30875625d
Marat;Notions élémentaires d'optique;https://catalogue.bnf.fr/ark:/12148/cb308756273
Marat;L'ami du peuple, aux Français patriotes;
Marat;Appel à la nation;https://catalogue.bnf.fr/ark:/12148/cb308755521
Marat;Lettre de M. Marat, l'ami du peuple, à M. le président de l'Assemblée nationale;
Marat;Lettre de M. Marat, l'ami du peuple, contenant quelques réflexions sur l'ordre judiciaire;
Marat;"Observations de M. l'amateur Avec a M. l'abbé Sans, sur la nécessité indispensable d'avoir une théorie solide & lumineuse, avant d'ouvrir boutique d'electricité médicale [Texte imprimé]; en réponse a la lettre de M. l'abbé Sans à M. Marat, sur l'électricité positive & négative, publiée dans le n°. 16 de l'Année littéraire";
Marat;Mémoires académiques, ou Nouvelles découvertes sur la lumière [Texte imprimé], relatives aux points les plus importants de l'optique;https://catalogue.bnf.fr/ark:/12148/cb30875626r
Marat;La certaine lettre de Marat l'aîné à Dupont son ami, (ou Marat cadet), au sujet du pain et des assignats;
Marat;"La Constitution, ou Projet de déclaration des droits de l'homme et du citoyen, suivi d'un plan de constitution juste, sage et libre, par l'auteur de ""l'Offrande à la patrie""";
Marat;Dénonciation faite au tribunal du public, par M. Marat, l'Ami du Peuple, contre M. Necker, premier ministre des Finances;https://catalogue.bnf.fr/ark:/12148/cb308755672
Marat;Lettre de M. Marat, l'Ami du peuple, a M. Joly, avocat aux conseils, membre & secrétaire de l'assemblée générale des représentans de la Commune, & l'un des soixante administrateurs de la municipalité;https://catalogue.bnf.fr/ark:/12148/cb37236790g
Marat;Le Moniteur patriote, ou Nouvelles de France et du Brabant;
Marat;Offrande a la patrie, ou Discours au Tiers-État de France;https://catalogue.bnf.fr/ark:/12148/cb30875586b
Marat;"Projet de déclaration des droits de l'homme et du citoyen, suivi d'un Plan de constitution juste, sage et libre [Texte imprimé]. Par l'auteur de ""l'Offrande à la patrie""";https://catalogue.bnf.fr/ark:/12148/cb308755928
Marat;Le Publiciste parisien [Texte imprimé] : journal politique, libre et impartial / par une société de patriotes, et rédigé par M. Marat, auteur de l'Offrande à la patrie, du Moniteur & du Plan de constitution, &c.;
Marat;"Supplément de ""l'Offrande à la patrie"", ou Discours au Tiers-États, sur le plan d'opérations que ses députés aux États généraux doivent se proposer... [par Marat]";https://catalogue.bnf.fr/ark:/12148/cb372612221
Marat;L'Ami du Peuple ou le Publiciste parisien, Journal politique et impartial, n° CVII, du mercredi 10 mars 1790;https://catalogue.bnf.fr/ark:/12148/cb41513154m
Marat;Avis aux bons patriotes;
Marat;Criminelle Neckero-logie, ou les Manoeuvres infâmes du ministre Necker entièrement dévoilées;https://catalogue.bnf.fr/ark:/12148/cb372704127
Marat;Dénonciation a la nation, contre M. Malouet [Texte imprimé], par M. Marat, auteur de l'Offrande à la patrie, du Moniteur, et du plan de constitution, &c;
Marat;"Le Junius français [Texte imprimé], journal politique ; par M. Marat, l'auteur de l'Ami du peuple";https://catalogue.bnf.fr/ark:/12148/cb330892632
Marat;Lettre de l'Ami du peuple aux Fédérés des quatre-vingt-trois départements;https://catalogue.bnf.fr/ark:/12148/cb37236685m
Marat;Lettre de Marat au Roi, ou L'Ami du peuple au Pere du peuple;
Marat;Lettre de Marat aux ministres du Roi, ou L'Ami du peuple aux ennemis du bien public;
Marat;Nouvelle dénonciation de M. Marat, l'Ami du peuple, contre M. Necker, premier ministre des Finances, ou Supplément à la dénonciation d'un citoyen, contre un agent de l'autorité;https://catalogue.bnf.fr/ark:/12148/cb422461866
Marat;On nous endort, prenons-y garde;
Marat;Plan de législation criminelle [Texte imprimé]. Ouvrage dans lequel on traite des délits et des peines... par M. Marat;https://catalogue.bnf.fr/ark:/12148/cb30875590k
Marat;Sulpice Huguenin, administrateur de l'habillement des troupes de la République, à ses concitoyens [Texte imprimé] / [signé Marat];https://catalogue.bnf.fr/ark:/12148/cb30875602r
Marat;Le Tribun du peuple, ou le Publiciste national [Texte imprimé] : journal antiaristocratique / par M. Ma***, auteur de plusieurs ouvrages patriotiques;
Marat;C'en est fait de nous;https://catalogue.bnf.fr/ark:/12148/cb37236784j
Marat;Les Charlatans modernes, ou Lettres sur le charlatanisme académique, publiées par M. Marat;
Marat;"C'est un beau rêve, garre [""sic""] au réveil, par M. Marat, l'Ami du peuple";
Marat;"Les chaînes de l'esclavage, [Texte imprimé]ouvrage destiné à développer les noirs attentats des princes contre les peuples ; les ressords [""sic""] secrets, les ruses, les menées, les artifices, les coups d'État qu'ils employent pour détruire la liberté, et les scènes sanglantes qui accompagnent le despotisme, par J. P. Marat, l'Ami du peuple";https://catalogue.bnf.fr/ark:/12148/cb308755552
Marat;"Discours de Marat, sur la défense de Louis XVI, la conduite à tenir par la Convention, et la marche alarmante que la faction royaliste s'efforce de lui faire suivre dans le jugement du tyran détrôné [Texte imprimé]; imprimé par ordre de la Convention nationale";https://catalogue.bnf.fr/ark:/12148/cb30875572n
Marat;Journal de la République française [Texte imprimé] / par Marat, l'ami du peuple, député à la Convention nationale;
Marat;Opinion de Marat, l'Ami du peuple, député à la Convention nationale, sur le jugement de l'ex-monarque [Texte imprimé]. Imprimée par ordre de la Convention;
Marat;Lettre[s] de Marat aux Jacobins;
Marat;Oeuvres de JP Marat (l'ami du peuple) [Texte imprimé] / recueillies et annotées par A. Vermorel;https://catalogue.bnf.fr/ark:/12148/cb30875544d
Marat;"Éloge de Montesquieu [Texte imprimé] : présenté à l'Académie de Bordeaux, le 28 mars 1785 / par J.-P. Maratz ; publié avec une introduction, par Arthur de Brézetz";https://catalogue.bnf.fr/ark:/12148/cb30875619g
Marat;Les pamphlets de Marat [Texte imprimé] / avec une introd. et des notes par Charles Vellay;
Marat;Oeuvres choisies en 3 volumes;
Marat;"Textes choisis [Texte imprimé] / Marat ; introduction et notes par Michel Vovelle";
Marat;Lettre à monsieur le comte d'Antrague, député de la noblesse;https://catalogue.bnf.fr/ark:/12148/cb37261354x
Marat;L'erreur des Parisiens, ou Réponse au discours de M. Robespierre, sur la fuite du roi [Microforme] / par un ami du peuple;https://catalogue.bnf.fr/ark:/12148/cb37232703r
Marat;Lettres polonoises;
Pétion;Avis du maire de Paris à ses concitoyens [pour les exhorter au calme]. [Signé : Pétion, 1er juillet 1792.];
Pétion;Compte rendu par Jérôme Pétion à ses concitoyens;https://catalogue.bnf.fr/ark:/12148/cb31091604n
Pétion;Déclaration des droits de l'homme remise dans les bureaux de l'Assemblée nationale, par M. Peytion de Villeneuve;
Pétion;"Discours sur l'affaire du Roi, par J. Pétion... - Projet de décret sur le jugement de Louis XV [""sic""] présenté à la Convention nationale par N.-M. Quinette";
Pétion;Discours de M. Pétion,... à l'Assemblée nationale prononcé le 29 mai 1792, l'an quatrième de la liberté;
Pétion;Discours sur la peine de mort, par J. Pétion;
Pétion;Lettre du maire de Paris [Pétion] aux quarante-huit sections;
Pétion;Lettre du maire de Paris à l'Assemblée nationale... du 20 septembre 1792;
Pétion;Lettre du maire de Paris à l'Assemblée nationale, du 6 septembre 1792;
Pétion;Lettre du maire de Paris à l'Assemblée nationale, du 8 septembre 1792... [Signé : Pétion.;
Pétion;Oeuvres... T. 4e...;https://catalogue.bnf.fr/ark:/12148/cb33538145f
Pétion;Opinion de J. Pétion sur la question de savoir s'il existe ou non une convention nationale;
Pétion;Un petit Mot sur une vérité importante et à l'ordre du jour [Texte imprimé], par J. Pétion;
Pétion;Opinion sur un Conseil d'exécution électif et national, par J. Pétion;
Pétion;Pétition de la Commune de Paris à l'Assemblée nationale, sur la déchéance du Roi. [Signé : Pétion.];https://catalogue.bnf.fr/ark:/12148/cb37236913k
Pétion;Projet de la Déclaration des droits de l'homme et du citoyen, et d'une Constitution républicaine démocratique [Texte imprimé], présenté au peuple français, par Jérôme Pétion, père;https://catalogue.bnf.fr/ark:/12148/cb31091592g
Pétion;Les Voeux du véritable souverain, exprimés à l'Assemblée nationale [le 3 août 1892], par M. Péthion, au nom de la Commune de Paris, sur la déchéance du Roi;https://catalogue.bnf.fr/ark:/12148/cb372369189
Pétion;Adresse du républicain Pétion, père,... à ses concitoyens réunis en assemblées primaires;https://catalogue.bnf.fr/ark:/12148/cb31091590s
Pétion;Moyens proposés pour prévenir l'infanticide;
Pétion;Les Lois civiles et l'administration de la justice ramenées à un ordre simple et uniforme, ou Réflexions morales, politiques, etc., etc., sur la manière de rendre la justice en France avec le plus de célérité et le moins de frais possible;
Pétion;Essai sur le mariage considéré sous des rapports naturels, moraux et politiques, ou Moyens de faciliter et d'encourager les mariages en France;https://catalogue.bnf.fr/ark:/12148/cb31091622k
Pétion;Lettre de M. Pétion à M. de Mirabeau l'aîné [Texte imprimé] : Paris, le 30 juin 1790;
Pétion;Avis aux Français sur le salut de la patrie;
Pétion;Fragmens d'un ouvrage sur les Loix civiles et l'administration de la justice en France, attribué à M. Pétion de Villeneuve,... - Seconds fragmens d'un ouvrage sur les Lois civiles;
Pétion;Opinion de M. Pétion de Villeneuve sur l'appel au peuple;
Pétion;Aperçu sur la situation politique actuelle de la France [Texte imprimé]. Par J. Petion.;
Pétion;Discours de M. Pétion de Villeneuve, sur l'établissement des caisses territoriales en France, suivi d'un projet de décret [Texte imprimé]. Imprimé par ordre de l'Assemblée nationale;
Pétion;Discours sur la réunion d'Avignon a la France [Texte imprimé], par J. Pétion. Imprimé par ordre de l'Assemblée nationale;
Pétion;Discours sur la traite des Noirs [Texte imprimé], par M. Pétion de Villeneuve, membre de l'Assemblée nationale;https://catalogue.bnf.fr/ark:/12148/cb31091618b
Pétion;Discours sur le droit de faire la paix, la guerre et les traités, par M. Pétion de Villeneuve;
Pétion;Discours sur les assignats [Texte imprimé], par J. Pétion. Imprimée par ordre de l'Assemblée nationale;https://catalogue.bnf.fr/ark:/12148/cb372427049
Pétion;Discours sur les troubles de Saint-Domingue [Texte imprimé]. Par J. Pétion, député à l'Assemblée nationale;https://catalogue.bnf.fr/ark:/12148/cb310916217
Pétion;Opinion sur le commerce du tabac [Texte imprimé], par J. Pétion. Imprimée par ordre de l'Assemblée nationale;
Pétion;Seconds fragments d'un ouvrage sur les lois civiles et l'administration de la justice en France [Texte imprimé], par M. Pétion de Villeneuve;
Pétion;Conduite de M. le maire de Paris, à l'occasion de la société des Feuillans.;
Pétion;Coup d'oeil rapide sur l'état dans lequel je trouve la place de maire de Paris [Texte imprimé]. (Par Pétion.);
Pétion;Dernière réponse de M. Pétion,... à M. Chéron, député de l'Assemblée nationale [relativement à la Société des Feuillants];
Pétion;Discours de M. Péthion a la Commune et réponse de la Commune a M. Péthion;
Pétion;Discours prononcé dans l'assemblée de la Société des amis de la constitution de Paris, séante aux Jacobins [Texte imprimé]. Par M. Péthion, président, le 3 août 1791. Et la réponse de M. L. P. Dufourny;https://catalogue.bnf.fr/ark:/12148/cb310916159
Pétion;"Discours prononcé par M. Pétion à la Société, le jour de son installation à la place de maire ; réponse de M. le président, et discours de M. Dubois de Crancé";https://catalogue.bnf.fr/ark:/12148/cb31091670f
Pétion;Discours sur la liberté de la presse, par J. Pétion. (23 août 1791.);
Pétion;Discours sur les conventions nationales, prononcé à la société des amis de la constitution, séante aux Jacobins, le 7 août 1791, par J. Pétion, député à l'assemblée nationale et président de la société des Jacobins. Imprimé par ordre de la société;
Pétion;Discours sur les testamens en général, et sur l'institution d'héritier dans les pays de droit écrit en particulier [Texte imprimé], par J. Pétion. Imprimé par ordre de l'Assemblée nationale;
Pétion;Lettre de J. Petion, a ses commettans, sur les circonstances actuelles;https://catalogue.bnf.fr/ark:/12148/cb31091634k
Pétion;"Opinion sur un nouveau mode de scrutin ; par J. Pétion [Texte imprimé]. Imprimé par ordre de l'Assemblée nationale";
Pétion;Avis du Corps municipal, arrêté dans la séance du samedi 9 juin 1792, l'an 4me da [sic] la liberté;
Pétion;Compte rendu par M. Pétion, maire de Paris, au département et à ses concitoyens, de la conduite qu'il a tenue dans la journée du 20 juin 1792;
Pétion;Conduite tenue par M. le maire de Paris, a l'occasion des evénemens du 20 juin 1792;https://catalogue.bnf.fr/ark:/12148/cb37236905z
Pétion;Copie de la lettre de M. Pétion à la Société des amis de la constitution, séante aux Jacobins Saint-Honoré;https://catalogue.bnf.fr/ark:/12148/cb31091668w
Pétion;Discours de Jérôme Pétion, sur l'accusation intentée contre Maximilien Robespierre;https://catalogue.bnf.fr/ark:/12148/cb31091614z
Pétion;Discours de M. le maire aux citoyens enrolés pour la défense de la patrie en danger [Texte imprimé]. Imprimé par ordre du Conseil-général;https://catalogue.bnf.fr/ark:/12148/cb31091652h
Pétion;"Discours de M. Petion, maire de Paris [Texte imprimé]; prononcé à la Société, dans la séance du 29 avril 1792, l'an 4me de la liberté";https://catalogue.bnf.fr/ark:/12148/cb310916697
Pétion;Discours sur l'affaire du Roi [Texte imprimé], par J. Pétion. Imprimé par ordre de la Convention nationale;
Pétion;Lettre de M. le maire de Paris à ses concitoyens [à l'occasion de la fête préparée pour la réception des soldats de Châteauvieux. Signé : Pétion];https://catalogue.bnf.fr/ark:/12148/cb37234719m
Pétion;Lettre de M. le maire de Paris à ses concitoyens [Texte imprimé] : Paris, le 6 avril 1792, l'an IVe de la liberté / [signé Pétion];
Pétion;Lettre de M. Petion à l'assemblée des commissaires des 48 sections... Paris, le 12 août 1792;https://catalogue.bnf.fr/ark:/12148/cb37236929z
Pétion;Lettre du maire de Paris (Petion) à ses concitoyens, à l'occasion de celle adressée par le roi à la municipalité de Paris. (24 mai.);
Pétion;Observations de Jérôme Pétion sur la lettre de Maximilien Robespierre;
Pétion;"Observations sur la nécessité de la réunion des hommes de bonne foi contre les intrigans, proposées à tous les Français [Texte imprimé], par Jérôme Pétion, maire de Paris ; et Maximilien Robespierre, accusateur public du département de Paris";
Pétion;Oeuvres de Jérôme Pétion;https://catalogue.bnf.fr/ark:/12148/cb310915945
Pétion;Règles générales de ma conduite [Texte imprimé] / [signé Pétion];https://catalogue.bnf.fr/ark:/12148/cb37236893s
Pétion;Réponse de M. Pétion à M. Dupont [au sujet de la fête célébrée à l'occasion de l'arrivée à Paris des Suisses de Châteauvieux.];
Pétion;Lettre de Jérome Pétion, député, au président de la Convention nationale [Texte imprimé]. Du 7 juin 1793, l'an deuxième de la République;https://catalogue.bnf.fr/ark:/12148/cb31091644w
Pétion;Lettre de Jérome Pétion aux Parisiens;https://catalogue.bnf.fr/ark:/12148/cb310916457
Pétion;Réponse très-succinte de Jérome Petion, au long libelle de Maximilien Robespierre;https://catalogue.bnf.fr/ark:/12148/cb31091667j
Pétion;Réflexions du républicain Pétion sur les droits du peuple pour la constitution de son gouvernement, et pour sa législation, tant civile que criminelle;
Pétion;Mémoires inédits de Pétion et mémoires de Buzot & de Barbaroux [Microforme] : accompagnés de notes inédites de Buzot et de nombreux documents inédits sur Barbaroux, Buzot, Brissot, etc. / précédés d'une introd. par C. A. Dauban;https://catalogue.bnf.fr/ark:/12148/cb37263217x
Pétion;Lettre de M. le maire de Paris à M. M. du Conseil du département [Microforme] : 24 juin 1792, l'an 4 de la liberté;https://catalogue.bnf.fr/ark:/12148/cb372368913
Pétion;Pétition de M. Pétion à l'Assemblée nationale;https://catalogue.bnf.fr/ark:/12148/cb37236797w